date,sku,store,rdc,region,demand,price,promotion,temperature,rainfall
2025-01-01,SKU001,STORE001,RDC001,North,120,100,1,18,2
2025-01-02,SKU001,STORE001,RDC001,North,125,100,0,19,0
2025-01-03,SKU001,STORE001,RDC001,North,130,98,1,20,1
2025-01-04,SKU001,STORE001,RDC001,North,118,102,0,17,5
2025-01-05,SKU001,STORE001,RDC001,North,140,95,1,21,0
2025-01-06,SKU001,STORE001,RDC001,North,135,100,0,22,0
2025-01-07,SKU001,STORE001,RDC001,North,145,97,1,23,0
2025-01-08,SKU001,STORE001,RDC001,North,150,96,1,24,1
2025-01-09,SKU001,STORE001,RDC001,North,142,100,0,22,3
2025-01-10,SKU001,STORE001,RDC001,North,155,95,1,25,0
2025-01-11,SKU001,STORE001,RDC001,North,160,94,1,26,0
2025-01-12,SKU001,STORE001,RDC001,North,148,100,0,24,2
2025-01-13,SKU001,STORE001,RDC001,North,152,98,0,23,1
2025-01-14,SKU001,STORE001,RDC001,North,165,95,1,25,0
2025-01-15,SKU001,STORE001,RDC001,North,170,93,1,26,0
2025-01-16,SKU001,STORE001,RDC001,North,162,100,0,24,2
2025-01-17,SKU001,STORE001,RDC001,North,175,92,1,27,0
2025-01-18,SKU001,STORE001,RDC001,North,180,90,1,28,0
2025-01-19,SKU001,STORE001,RDC001,North,168,98,0,26,1
2025-01-20,SKU001,STORE001,RDC001,North,172,97,0,25,0
2025-01-21,SKU001,STORE001,RDC001,North,185,92,1,27,0
2025-01-22,SKU001,STORE001,RDC001,North,190,90,1,28,0
2025-01-23,SKU001,STORE001,RDC001,North,182,96,0,26,2
2025-01-24,SKU001,STORE001,RDC001,North,195,89,1,29,0
2025-01-25,SKU001,STORE001,RDC001,North,200,88,1,30,0
2025-01-26,SKU001,STORE001,RDC001,North,188,95,0,28,1
2025-01-27,SKU001,STORE001,RDC001,North,192,94,0,27,0
2025-01-28,SKU001,STORE001,RDC001,North,205,88,1,29,0
2025-01-29,SKU001,STORE001,RDC001,North,210,87,1,30,0
2025-01-30,SKU001,STORE001,RDC001,North,202,93,0,28,2
2025-01-31,SKU001,STORE001,RDC001,North,215,86,1,31,0
