sku,store,rdc,region,date,forecast
SKU001,STORE001,RDC001,North,2005-05-01,215.00613628676837
SKU001,STORE001,RDC001,North,2005-05-02,215.0787731596908
SKU001,STORE001,RDC001,North,2005-05-03,215.15891736307324
SKU001,STORE001,RDC001,North,2005-05-04,215.20447831484245
SKU001,STORE001,RDC001,North,2005-05-05,215.21514876519277
SKU001,STORE001,RDC001,North,2005-05-06,215.21900188491222
SKU001,STORE001,RDC001,North,2005-05-07,215.18677739084723
SKU001,STORE001,RDC001,North,2005-05-08,215.17312595483588
SKU001,STORE001,RDC001,North,2005-05-09,215.1872110836468
SKU001,STORE001,RDC001,North,2005-05-10,215.2186201897037
SKU001,STORE001,RDC001,North,2005-05-11,215.2438557831642
SKU001,STORE001,RDC001,North,2005-05-12,215.24399544475756
SKU001,STORE001,RDC001,North,2005-05-13,215.21893750820414
SKU001,STORE001,RDC001,North,2005-05-14,215.18761704195776
SKU001,STORE001,RDC001,North,2005-05-15,215.17361464254623
SKU001,STORE001,RDC001,North,2005-05-16,215.18747556316686
SKU001,STORE001,RDC001,North,2005-05-17,215.21876286998668
SKU001,STORE001,RDC001,North,2005-05-18,215.24391688144888
SKU001,STORE001,RDC001,North,2005-05-19,215.24399624894818
SKU001,STORE001,RDC001,North,2005-05-20,215.21894134274223
SKU001,STORE001,RDC001,North,2005-05-21,215.18761900737417
SKU001,STORE001,RDC001,North,2005-05-22,215.17361560565473
SKU001,STORE001,RDC001,North,2005-05-23,215.18747598710794
SKU001,STORE001,RDC001,North,2005-05-24,215.2187630029438
SKU001,STORE001,RDC001,North,2005-05-25,215.24391689264206
SKU001,STORE001,RDC001,North,2005-05-26,215.24399626448673
SKU001,STORE001,RDC001,North,2005-05-27,215.218941349844
SKU001,STORE001,RDC001,North,2005-05-28,215.1876190104889
SKU001,STORE001,RDC001,North,2005-05-29,215.1736156068239
SKU001,STORE001,RDC001,North,2005-05-30,215.18747598743008
SKU001,STORE001,RDC001,North,2005-05-31,215.21876300301238
